{"CubeExists":[[[true,true],[true,true]],[[true,true],[true,true]]],"WorldBounds":{"XMax":0.075474,"XMin":-0.11714,"YMax":0.18834,"YMin":-0.00216,"ZMax":0.072741,"ZMin":-0.076543,"XSize":0.192614,"YSize":0.1905,"ZSize":0.149284,"MaxCorner":{"X":0.075474,"Y":0.18834,"Z":0.072741},"MinCorner":{"X":-0.11714,"Y":-0.00216,"Z":-0.076543}},"VirtualWorldBounds":{"XMax":0.075474,"XMin":-0.11714,"YMax":0.18834,"YMin":-0.00216,"ZMax":0.072741,"ZMin":-0.076543,"XSize":0.192614,"YSize":0.1905,"ZSize":0.149284,"MaxCorner":{"X":0.075474,"Y":0.18834,"Z":0.072741},"MinCorner":{"X":-0.11714,"Y":-0.00216,"Z":-0.076543}},"SetSize":{"X":2,"Y":2,"Z":2},"TextureSetSize":{"X":1,"Y":1},"VertexCount":41444}